,ILLINOIS ST,WASHINGTON ST,BLACKROCK LIQ MUNICASH CL INS MMF,TEXAS TRANSN COMMN ST HWY FD R,NEW JERSEY ECONOMIC DEV AUTH R,MASSACHUSETTS ST WTR POLLUTN A,LOS ANGELES CALIF UNI SCH DIST,MARYLAND ST,PHILADELPHIA PA WTR & WASTEWTR,SAN ANTONIO TEX ELEC & GAS REV,HENRICO CNTY VA,SAN FRANCISCO CALIF CITY & CNT,PHOENIX ARIZ CIVIC IMPT CORP E,COLUMBUS OH,SANTA CLARA VY CALIF TRANSN AU,DISTRICT COLUMBIA INCOME TAX R,CALIFORNIA ST,MONTGOMERY CNTY MD,SAN FRANCISCO CALIF CITY & CNT,PHOENIX ARIZ,CALIFORNIA ST DEPT WTR RES CEN,NEW YORK ST URBAN DEV CORP REV,CLARK CNTY NEV WTR RECLAMATION,PALO ALTO CALIF UNI SCH DIST,NEW YORK N Y CITY TRANSITIONAL,PORT AUTH N Y & N J,CALIFORNIA ST,NEW YORK N Y,GEORGIA ST,CALIFORNIA ST FOR PREVIOUS ISS,WEST VIRGINIA ST,NEW YORK ST DORM AUTH ST PERS,NEW JERSEY ST EDL FACS AUTH RE,VIRGINIA COLLEGE BLDG AUTH VA,ENERGY NORTHWEST WASH ELEC REV,UTAH ST BLDG OWNERSHIP AUTH LE,CLARK CNTY NEV SCH DIST FOR IS,NEW YORK N Y,PENNSYLVANIA ST,PRIVATE COLLEGES & UNIVS AUTH,ENERGY NORTHWEST WASH ELEC REV,FORT WORTH TEX INDPT SCH DIST,UNIVERSITY CALIF REVS FOR PREV,HARRIS CNTY TEX,IOWA ST SPL OBLIG,NEW YORK ST URBAN DEV CORP REV,CONNECTICUT ST,MIAMI-DADE CNTY FLA WTR & SWR,MASSACHUSETTS ST,OHIO ST WTR DEV AUTH WTR POLLCONTR,NEW YORK ST DORM AUTH ST PERS,LOS ANGELES CALIF UNI SCH DIST,PENNSYLVANIA ST,ILLINOIS FIN AUTH REV,NEW YORK N Y,MASSACHUSETTS ST,CALIFORNIA ST,NEW JERSEY ST,GUILFORD CNTY N C,WASHINGTON SUBN SAN DIST MD,NEW JERSEY ST TPK AUTH TPK REV,MISSISSIPPI ST,OHIO ST,HAWAII ST,CALIFORNIA ST FOR PREVIOUS ISS,NEW YORK N Y CITY TRANSITIONAL,METROPOLITAN TRANSN AUTH N Y R,ALABAMA FED AID HWY FIN AUTH S,UNIVERSITY CALIF REVS FOR PREV,PENNSYLVANIA ST,CALIFORNIA ST FOR PREVIOUS ISS,SALT RIV PROJ AGRIC IMPT & PWR,MARICOPA CNTY ARIZ CMNTY COLLE,DALLAS TEX INDPT SCH DIST,MASSACHUSETTS BAY TRANSN AUTH MASS,HAMILTON CNTY TENN,CALIFORNIA ST UNIV REV,MISSOURI ST HWYS & TRANS COMMN,ALABAMA ST PUB SCH & COLLEGE A,MARYLAND ST,LOUISIANA ST,NEW JERSEY ST,BALTIMORE CNTY MD,NEVADA ST HIGHWAY IMPT REVENUE,SEATTLE WASH WTR SYS REV,VIRGINIA COLLEGE BLDG AUTH VA,MICHIGAN FIN AUTH REV,DISTRICT COLUMBIA,MARYLAND ST DEPT OF TRANSPRTNCONSO,CALIFORNIA ST FOR PREVIOUS ISS,OKLAHOMA CITY OKLA WTR UTILS T,VIRGINIA ST RES AUTH INFRASTRU,FRISCO TEX INDPT SCH DIST,FREDERICK CNTY MD,METROPOLITAN GOVT NASHVILLE &,IDAHO HSG & FIN ASSN,CHICAGO ILL O HARE INTL ARPT R,WISCONSIN ST TRANSN REV,METROPOLITAN WTR DIST SOUTHN C,WISCONSIN ST FOR ISSUES DTD PR,MAINE ST,CALIFORNIA ST PUB WKS BRD LEAS,MICHIGAN ST BLDG AUTH REV,TEXAS ST UNIV SYS FING REV,LONE STAR COLLEGE SYS TEX,ILLINOIS FIN AUTH REV,NORTH EAST INDPT SCH DIST TEX,NEW MEXICO ST,INDIANA FIN AUTH HWY REV,CONNECTICUT ST SPL TAX OBLIG REVEN,FLORIDA ST BRD ED PUB ED FOR I,NEW YORK N Y CITY TRANSITIONAL,VIRGINIA ST PUB BLDG AUTH PUB,MICHIGAN ST,CALIFORNIA ST PUB WKS BRD LEAS,MONMOUTH CNTY N J IMPT AUTH RE,OHIO ST UNIV GEN RCPTS,DISTRICT COLUMBIA WTR & SWR AU,NEW YORK CITY NY TRANSITIONAL FIN,MASSACHUSETTS ST,DURHAM CNTY N C,MASSACHUSETTS ST DEV FIN AGY R,WASHINGTON ST FOR ISSUES DTD P,HENNEPIN CNTY MINN,MASSACHUSETTS ST SCH BLDG AUTH,MONTEREY CNTY CALIF CTFS PARTN,VIRGINIA COMWLTH TRANSN BRD TR,COLUMBIA S C WTRWKS & SWR SYS,PALOMAR CALIF CMNTY COLLEGE DIST,AUSTIN TEX INDPT SCH DIST,MINNESOTA ST FOR PREVIOUS ISSU,NEW YORK ST DORM AUTH SALES TA,BLOUNT CNTY TENN,CLARK CNTY NEV,PHILADELPHIA PA,NORTH CAROLINA ST,SAN FRANCISCO CALIF CITY & CNT,MISSOURI ST BRD OF PUBLIC BLDGS SP,MANCHESTER N H,HOWARD CNTY MD,TENNESSEE ST SCH BD AUTH,TENNESSEE ST SCH BD AUTH,CALIFORNIA ST UNIV REV,ARIZONA ST TRANSN BRD EXCISE T,WISCONSIN ST FOR ISSUES DTD PR,DELAWARE TRANSN AUTH TRANSN SY,CALIFORNIA ST,SAN MATEO CALIF UN HIGH SCH DI,ATLANTA GA WTR & WASTE WTR REV,PORTLAND ORE CMNTY COLLEGE DIS,OHIO ST,NEW YORK N Y CITY MUN WTR FIN,WISCONSIN ST,NEW YORK ST URBAN DEV CORP REV,NEW YORK ST DORM AUTH ST PERS,SHELBY CNTY TENN,FLORIDA ST DEPT TRANSN FING CO,HONOLULU HAWAII CITY & CNTY,GEORGIA ST RD & TWY AUTH FED H,NEW YORK N Y CITY MUN WTR FIN,SEATTLE WASH WTR SYS REV,RHODE ISLAND ST COMM CORP REV,HAWAII ST,FLORIDA ST DEPT MGMT SVCS CTFS,METROPOLITAN TRANSN AUTH N Y R,ANNE ARUNDEL CNTY MD,KANSAS ST DEPT TRANSN HWY REV,MASSACHUSETTS ST,LOS ANGELES CALIF WASTEWATER S,SAN ANTONIO TEX INDPT SCH DIST,METROPOLITAN WTR DIST SOUTHN C,AUSTIN TEX,HARRIS CNTY TEX,FLORIDA ST DEPT ENVIRONMENTAL,UNIVERSITY TEX PERM UNIV FD,DELAWARE RIV PORT AUTH PA & NJ,TEXAS ST,CLARK CNTY NEV ARPT REV,CLARK CNTY WASH SCH DIST NO 11,SACRAMENTO CALIF MUN UTIL DIST,MARYLAND ST,CHARLESTON CNTY S C,NEW YORK N Y,MEMPHIS TENN,METROPOLITAN TRANSN AUTH N Y D,SEATTLE WASH MUN LT & PWR REV,CALIFORNIA ST FOR PREVIOUS ISS,PRINCE GEORGES CNTY MD,PENNSYLVANIA ST,ARIZONA BRD REGENTS ARIZ ST UN,METROPOLITAN GOVT NASHVILLE &,OMAHA PUB PWR DIST NEB ELEC RE,RALEIGH N C,WASHINGTON D C MET AREA TRAN A,PENNSYLVANIA ST TPK COMMN TPK,SAN MATEO CNTY CALIF CMNTY COLLEGE,EAST BAY CALIF MUN UTIL DIST W,SACRAMENTO CALIF MUN UTIL DIST,HOUSTON TEX UTIL SYS REV FOR I,MEMPHIS TENN SAN SEW SYS REV,SUM
07/09/2021,0.78,0.55,0.54,0.47,0.47,0.46,0.42,0.41,0.39,0.37,0.37,0.37,0.36,0.36,0.36,0.36,0.35,0.35,0.35,0.34,0.34,0.34,0.34,0.34,0.34,0.33,0.33,0.32,0.32,0.31,0.3,0.3,0.3,0.3,0.3,0.3,0.3,0.3,0.3,0.29,0.29,0.29,0.29,0.29,0.29,0.29,0.28,0.28,0.28,0.28,0.27,0.27,0.27,0.27,0.27,0.27,0.26,0.26,0.26,0.26,0.26,0.25,0.25,0.25,0.25,0.25,0.25,0.25,0.24,0.24,0.24,0.24,0.24,0.24,0.24,0.24,0.23,0.23,0.23,0.23,0.23,0.23,0.22,0.22,0.22,0.22,0.22,0.22,0.22,0.22,0.22,0.22,0.22,0.22,0.21,0.21,0.21,0.21,0.21,0.21,0.21,0.21,0.2,0.2,0.2,0.2,0.2,0.2,0.2,0.2,0.2,0.2,0.2,0.19,0.19,0.19,0.19,0.19,0.19,0.19,0.19,0.19,0.19,0.19,0.19,0.19,0.19,0.19,0.19,0.19,0.19,0.19,0.19,0.19,0.19,0.19,0.18,0.18,0.18,0.18,0.18,0.18,0.18,0.18,0.18,0.18,0.18,0.18,0.18,0.18,0.18,0.18,0.18,0.18,0.18,0.18,0.17,0.17,0.17,0.17,0.17,0.17,0.17,0.17,0.17,0.17,0.17,0.17,0.17,0.17,0.17,0.17,0.17,0.17,0.16,0.16,0.16,0.16,0.16,0.16,0.16,0.16,0.16,0.16,0.16,0.16,0.16,0.16,0.16,0.16,0.16,0.16,0.16,0.16,0.16,0.16,0.16,0.15,0.15,0.15,47.24
