,BLACKROCK LIQ MUNICASH CL INS MMF,CA LOS 4 06/23/2022,TEXAS ST,METROPOLITAN WTR DIST SOUTHN C,DENVER COLO CITY & CNTY,GRAND PARKWAY TRANSN CORP TEX,METROPOLITAN COUNCIL MINN MINN,ENERGY NORTHWEST WASH ELEC REV,NEW YORK N Y CITY MUN WTR FIN,SAN FRANCISCO CALIF CITY & CNT,NEW JERSEY ST,FOOTHILL / EASTERN TRANSN CORR,NEW YORK N Y,CONROE TEX INDPT SCH DIST,NEW JERSEY ST TPK AUTH TPK REV,NEW YORK N Y CITY MUN WTR FIN,CONTRA COSTA CALIF CMNTY COLLE,CONNECTICUT ST,NEW YORK N Y CITY TRANSITIONAL,NEW YORK ST DORM AUTH ST PERS,NEW JERSEY ST,MARYLAND ST TRANSN AUTH TRANSN,SAN DIEGO CALIF UNI SCH DIST,NORTH TEX TWY AUTH REV,NASSAU CNTY N Y INTERIM FIN AU,MARYLAND ST,TEXAS ST,TEXAS WATER DEV BRD,CALIFORNIA ST FOR PREVIOUS ISS,CHESAPEAKE BAY BRDG & TUNL DIS,ORANGE CNTY CALIF LOC TRANSN A,UNIVERSITY CALIF REVS FOR PREV,CALIFORNIA ST,GRAND PARKWAY TRANSN CORP TEX,NEW YORK ST DORM AUTH ST PERS,SALT RIV PROJ AGRIC IMPT & PWR,TEXAS ST,SAN FRANCISCO CALIF CITY & CNT,MASSACHUSETTS ST SCH BLDG AUTH SAL,NEW YORK N Y CITY TRANSITIONAL,MIAMI-DADE CNTY FLA TRAN SYS S,TEXAS WATER DEV BRD,TRIBOROUGH BRDG & TUNL AUTH N Y RE,MARYLAND ST,NEW YORK N Y CITY MUN WTR FIN,UNIVERSITY CALIF REVS,NEW YORK N Y CITY MUN WTR FIN,NORTH TEX TWY AUTH REV,CALIFORNIA ST FOR PREVIOUS ISS,CALIFORNIA ST UNIV REV,AURORA COLO WTR REV,CALIFORNIA ST,NEW YORK ST,TEXAS ST,MARYLAND ST DEPT TRANSN CONS T,UNIVERSITY TEX UNIV REVS,NEW YORK N Y CITY TRANSITIONAL,NEW YORK N Y CITY MUN WTR FIN,LONG IS PWR AUTH N Y ELEC SYS,SAN MATEO FOSTER CITY CALIF PU,MASSACHUSETTS ST TRANSN FD REV,UNIVERSITY UTAH UNIV REVS,CALIFORNIA ST FOR PREVIOUS ISS,LOS ANGELES CALIF DEPT WTR & P,CONNECTICUT ST SPL TAX OBLIG R,SACRAMENTO CALIF MUN UTIL DIST,UNIVERSITY CALIF REVS,METROPOLITAN TRANSN AUTH N Y R,CALIFORNIA ST,CALIFORNIA EDL FACS AUTH REV,NEW JERSEY ST TPK AUTH TPK REV,LOS ANGELES CALIF CMNTY COLLEG,WASHINGTON ST,SOUTH CAROLINA ST,MIAMI-DADE CNTY FLA WTR & SWR,CENTRAL PUGET SOUND WASH REGL,LOS ANGELES CALIF DEPT WTR & P,NEW YORK ST DORM AUTH ST PERS,NEW YORK N Y CITY MUN WTR FIN,MASSACHUSETTS ST,MASSACHUSETTS ST SCH BLDG AUTH,TEXAS TRANSN COMMN CENT TEX TP,METROPOLITAN TRANSN AUTH N Y R,NEW JERSEY ST TRANSN TR FD AUTH,METROPOLITAN TRANSN AUTH N Y R,MIRACOSTA CALIF CMNTY COLLEGE,NEW YORK N Y CITY TRANSITIONAL,METROPOLITAN ATLANTA RAPID TRA,TEXAS TRANSN COMMN CENT TEX TP,LOS ANGELES CALIF DEPT WTR & P,CALIFORNIA ST,NEW YORK N Y,CALIFORNIA EDL FACS AUTH REV,FLORIDA ST BRD OF EDU PUBLIC EDU,NEW YORK ST DORM AUTH ST PERS,ILLINOIS ST,PENNSYLVANIA ST TPK COMMN TPK,ILLINOIS ST,NEW YORK ST PWR AUTH REV,CALIFORNIA ST,NEW YORK N Y CITY MUN WTR FIN,DISTRICT COLUMBIA,ILLINOIS ST,WASHINGTON ST,DISTRICT COLUMBIA WTR & SWR AU,ILLINOIS ST TOLL HWY AUTH TOLL,NEW JERSEY ST TRANSN TR FD AUT,SANTA CLARA CALIF UNI SCH DIST,GRAND PARKWAY TRANSN CORP TEX,UTAH ST,NEW YORK N Y,NEW YORK N Y,CHICAGO ILL O HARE INTL ARPT R,INDIANAPOLIS IND WTR SYS REV,MARYLAND ST,NEW YORK N Y CITY MUN WTR FIN,NEW YORK ST DORM AUTH ST PERS,LOS ANGELES CALIF UNI SCH DIST,NEW YORK ST DORM AUTH ST PERS,MET TRANSPRTN AUTH NY DEDICATED TA,CALIFORNIA ST,NEW YORK ST URBAN DEV CORP REV,ALABAMA ST PUB SCH & COLLEGE A,NEW JERSEY ST TPK AUTH TPK REV,NEW JERSEY ST,NEW YORK ST DORM AUTH ST PERS,UTILITY DEBT SECURITIZATION AU,TRIBOROUGH BRDG & TUNL AUTH NY,CALIFORNIA ST,DENVER COLO CITY & CNTY,PENNSYLVANIA ST,ILLINOIS ST,NEW JERSEY ST,NEW JERSEY ST,HAMPTON RDS VA TRANSN ACCOUNTA,LONG IS PWR AUTH N Y ELEC SYS,NEW YORK N Y,NEW YORK ST DORM AUTH ST PERS,CALIFORNIA ST,CALIFORNIA ST,AUSTIN TEX ELEC UTIL SYS REV,UNIVERSITY CALIF REVS,INDIANA ST MUNI PWR AGY,ENERGY NORTHWEST WASH ELEC REV,NEW YORK N Y CITY TRANSITIONAL,SAN DIEGO CALIF UNI SCH DIST,UNIVERSITY CALIF REVS FOR PREV,GEORGIA ST,ANNE ARUNDEL CNTY MD,BAY AREA TOLL AUTH CALIF TOLL,METROPOLITAN TRANSN AUTH N Y R,METROPOLITAN COUNCIL MINN MINN,NEW YORK ST DORM AUTH REVS ST,AUSTIN TEX WTR & WASTEWATER SY,TAMPA FLA WTR & WASTEWATER SYS,NEW YORK N Y CITY TRANSITIONAL,PHOENIX ARIZ CIVIC IMPT CORP W,NEW YORK N Y CITY MUN WTR FIN,CHICAGO ILL O HARE INTL ARPT R,CONNECTICUT ST HEFA - YALE UNIV,NEW YORK ST URBAN DEV CORP REV,NEW YORK N Y CITY MUN WTR FIN,CALIFORNIA ST,NEW YORK ST DORM AUTH ST PERS,VIRGINIA COLLEGE BLDG AUTH VA,OHIO ST UNIV GEN RCPTS,CONNECTICUT ST HEFA - YALE UNIV,MASSACHUSETTS ST,MA ST HLTH & ED MIT,NEW JERSEY ST,NEW YORK N Y,CALIFORNIA EDL FACS AUTH REV,NEW YORK N Y CITY TRANSITIONAL,WAKE CNTY N C,SALT RIV PROJ AGRIC IMPT & PWR,NEW YORK N Y CITY TRANSITIONAL,NEW YORK ST DORM AUTH ST PERS,FLORIDA ST BRD ED PUB ED,NEW YORK N Y CITY TRANSITIONAL,METROPOLITAN TRANSN AUTH N Y R,E 470 PUB HWY AUTH COLO REV,NEW YORK N Y,SAN DIEGO CALIF UNI SCH DIST,LOS ANGELES CALIF DEPT WTR & P,NEW YORK ST DORM AUTH ST PERS,ILLINOIS ST,MASSACHUSETTS ST,OHIO ST,NEW YORK ST DORM AUTH ST PERS,SAN FRANCISCO CALIF CITY & CNT,DISTRICT COLUMBIA,MASSACHUSETTS ST SCH BLDG AUTH,SAN ANTONIO TEX WTR REV,LOS ANGELES CALIF DEPT WTR & P,MICHIGAN FIN AUTH REV,NORTH CAROLINA ST,NORTH CAROLINA ST,WISCONSIN ST,MARYLAND ST,NEW YORK ST DORM AUTH ST PERS,SUM
07/09/2021,1.74,0.16,0.16,0.16,0.15,0.14,0.14,0.14,0.13,0.13,0.13,0.13,0.13,0.13,0.13,0.13,0.13,0.13,0.12,0.12,0.12,0.12,0.12,0.12,0.12,0.12,0.11,0.11,0.11,0.11,0.11,0.11,0.11,0.11,0.11,0.11,0.11,0.11,0.1,0.1,0.1,0.1,0.1,0.1,0.1,0.1,0.1,0.1,0.1,0.1,0.1,0.1,0.1,0.1,0.1,0.09,0.09,0.09,0.09,0.09,0.09,0.09,0.09,0.09,0.09,0.09,0.09,0.09,0.09,0.09,0.09,0.09,0.09,0.09,0.09,0.09,0.09,0.09,0.09,0.09,0.09,0.09,0.09,0.09,0.09,0.09,0.09,0.09,0.09,0.09,0.09,0.09,0.09,0.09,0.09,0.09,0.09,0.09,0.09,0.08,0.08,0.08,0.08,0.08,0.08,0.08,0.08,0.08,0.08,0.08,0.08,0.08,0.08,0.08,0.08,0.08,0.08,0.08,0.08,0.08,0.08,0.08,0.08,0.08,0.08,0.08,0.08,0.08,0.08,0.08,0.08,0.08,0.08,0.08,0.08,0.08,0.08,0.08,0.08,0.08,0.08,0.08,0.07,0.07,0.07,0.07,0.07,0.07,0.07,0.07,0.07,0.07,0.07,0.07,0.07,0.07,0.07,0.07,0.07,0.07,0.07,0.07,0.07,0.07,0.07,0.07,0.07,0.07,0.07,0.07,0.07,0.07,0.07,0.07,0.07,0.07,0.07,0.07,0.07,0.07,0.07,0.07,0.07,0.07,0.07,0.07,0.07,0.07,0.07,0.07,0.07,0.07,0.07,0.07,0.07,0.07,0.07,0.07,0.07,0.07,19.530000000000005
